ItemID,Sentiment,SentimentText
1,1,unable to sit due to sticky stains on berth. PNR no 4512791357. do help immediately
2,1,pnr no 4512791357 need mdical 1.having blood vomits 
3,1,"mobile stolen , need 1 help to track it pnr 4512791357"
4,1,"no water supply in basins for the hast 7 hours,contacted tt but all in vain pnr no 4512791357"
5,1,"fan isnt working for the last 6 hours at the time of peak summer, do help  pnr 4512791357 "
6,1,paid for ac but feeling the hotness of railways negligence. Attention needed immediately pnr 4512791357
7,1,"big mouse found below the berth,plz help. Cant sleep pnr 4512791357"
8,1,hanging chains of the middle berth broken  pnr 4512791357
9,1,"aggressive copassengers, need of immediate change of seat pnr 4512791357"
10,1,"having ticket conflict, contacted ticket collecter, but all I vain. Pnr 4512791357"
11,1,"found a bag with no owner, police not taking any action pnr 4512791357"
12,1,"finger brokenof my frnd by falling from upper berth, cannot find any medical assistance pnr 4512791357"
13,1,"the whole berth area shatterd with the peels of various organics ,need immediate cleanup pnr 4512791357"
14,1,"bags stolen ,1 mine and 1 of my copassenger having imp documents pnr 4512791357"
15,1,no water supply in washrooms for the last 4 hours pnr 4512791357
16,1,"pnr 4512791357 fan chocked, repairmen came bt couldnt fix it #peak summer "
17,1,ac blowing warm air #pnr 4512791357 feeling to die in this  closed compartment
18,1,"pnr 4512791357 mosquitoes flis hovering , pls do some cleanup, tt not responding positively "
19,1,torn seat pnr 4512791357 filthy environment need some action to be taken 
20,1,"copassenger playing loud music , not obeying the tt too, sort it out pnr 4512791357"
21,1,"tt declining to accept the college id a true id , higher authorities do act pnr 4512791357"
22,1,"found a fun, we passengers couldn‚Äôt differentiate b/w a real and a toy pnr 4512791357"
23,1,pantry officials billing us double than printed . All complaints in vain pnr 4512791357
24,1,many passengrs pnr 4512791357 feeling stomach upset after dinner frm railways pantry 
25,1," train diverted from its actual route , no knowlwdge of where the fuck are we being taken.track us pnr 4512791357"
26,1,"train is at halt for the last 4.5 hrs amidst of jungle, wt the fkk is happening??? pnr 4512791357"
27,1,"pregnant lady needs the help of some lady doctor immediately, her pnr 4512791357"
28,1,"charger points of the complete bogie malfunctioning, need immediate attention pnr 4512791357"
29,1,a sweeper supposed to be thief but the matter is out of the passengers cntrl pnr 4512791357
30,1,"window pane jammed #utter winter, bone freezing cold pnr 4512791357"
31,1,"fan's speed not decreasing , we need help pnr 4512791357"
32,1,"acs not working ,pnr 4512791357, tt not responding positivelt, what do we pay for "
33,1,"berth env is quite unhygenic, insects wandering here n there pnr 4512791357"
34,1,"unremoved heavy bedrolls , stinky smell pnr 4512791357, 1 cleanup reqd"
35,1,"two copassengers fought brutally, 1 got a head injury.1!! His  pnr 4512791357"
36,0,@SBKULAL @Bkugne @riyaj_ali @niraj1712 @FAZALALAM234 @phanipeddapall1 @ratneshthakur86 @railmitraa @drmned @drmgtl‚Ä¶ https://t.co/ZxsjnoOQLd
37,1,@drmlko25 @RailMinIndia @RailwayNorthern Kindly send anyone railway staff to attend 14203
38,1,@RailMinIndia plz continue train no 14307-14308
39,0,RT @IndiaBTL: Why is @RailMinIndia procuring Congress mouthpiece National Herald (priced a hefty Rs. 20/piece) &amp; providing it to‚Ä¶ 
40,1,"@RailMinIndia Dear Sir, my father is a senior citizen and is a patient too.Travelling alone and his seat is not confirmed but is having RAC."
41,0,@NitinSubudhi @RailMinIndia @PiyushGoyal 4 paise legally sahi daam pe bech ke bhi kamay jaa sakte hai.
42,0,@RailMinIndia @PiyushGoyal If a person buys ticket online and if its not confirmed then why that ticket is not a v‚Ä¶ https://t.co/fgalcVcM6C
43,0,@RailMinIndia @drmnfr_lmg @IR_ENHM till now no action has been taken
44,0,@RailMinIndia @pk_9451 In such cases what is the way out. Please suggest solutions
45,0,RT @carole_mortimer: #PNR #fantasy #BookBoost #IARTG #EARTG #ASMSG #IAN1 #mgtab #tw4rw #NewRelease DERYK (Dragon Hearts 2)‚Ä¶ 
46,0,"@RailMinIndia @RailwayNorthern @PiyushGoyalOffc this winter no fog now a days, still so late trains. It looks staff‚Ä¶ https://t.co/x0ATy1Fd28"
47,1,"@RailMinIndia train no 12551 , b10,23 .here water is leaking from AC.  Please do the needful."
48,1,@RailMinIndia Train has departed Varanasi and will be reaching Chunar in few minutes and then Mirzapur.
49,1,@RailMinIndia Thanks for the reply ..:). PNR-4138201979.
50,0,"RT @RailMinIndia: All commodities have registered robust growth with steel at 16%, cement 10%, containers 13%, iron ore 5% and coal 2‚Ä¶ "
51,1,"@DRMbhopal @RailMinIndia @sanjaygupta2012 sorry for inconvenience ,matter noted to @OPTGBSL"
52,1,@RailMinIndia please help. His PNR number is 2820176609
53,0,Check out Thief Catcher on The Prolific Reader! #instafreebie #freebook #whattoread #pnr https://t.co/jB0Hts5o8J https://t.co/brSUrxmByu
54,1,#NTES National Train enquiry system is not updating #Mumbai Localtrain running info properly @Central_Railway‚Ä¶ https://t.co/8C0robxMP9
55,1,@ahamadali222  Kindly share PNR number.  Matter forwarded to the concerned officials @Drmdelhi @IR_EDMECHG @CRSE_CHG_NR
56,1,@RailMinIndia sir..the train status is bit confusing.. https://t.co/1Y83dnU9A8
57,1,@RailMinIndia @IRCTC_Ltd @DCPDelhiRailway @drmdelhi Train 12724 has been at a halt since 30 mins at Hazrat Nizamudd‚Ä¶ https://t.co/ntm09W6sci
58,1,"@RailMinIndia @drmadiwr @PiyushGoyal @IRCTC_Ltd ajmer exp Some people sleeping in local coash senior citizen, ladies many people standing"
59,1,"RT @IndiaBTL: Glad to inform &amp; confirmed from multiple sources, the newspaper was not distributed by railways officially, but cou‚Ä¶"
60,1,RT @kautilyadutt: #NTES National Train enquiry system is not updating #Mumbai Localtrain running info properly @Central_Railway‚Ä¶
61,1,@RailMinIndia standard meals charging Rs 100 in 12194 train .my pnr no 8420297219
62,1,@RatlamDRM @SBKULAL @Bkugne @riyaj_ali @niraj1712 @FAZALALAM234 @phanipeddapall1 @ratneshthakur86 @railmitraa‚Ä¶ https://t.co/yXriZjSJiC
63,0,@Cleartrip If u want ticket print i can DM to u for PNR etc.?U can also check whether refund has been processed to‚Ä¶ https://t.co/PKiywKLV2l
64,1,@DRMbhopal @satyavsingh @RailMinIndia Sorry for inconvenience complaint will be attend at ITARSI
65,1,@RailMinIndia @bbiswajit88 Details not available pls.
66,1,RT @EdenAshe: Add #AllINeed to your TBR shelf! #iartg #ian1 #asmsg #bookboost #RT #paranormalromance #PNR #1click #oneclick‚Ä¶ 
67,1,12142 train stops at thane or not @RailMinIndia please reply
68,1,@RailMinIndia @ankulaagarwal @TVC138 @IR_EDMECHG @crsechgsrly Matter informed to concern officials @CCRBCT @srdmebct .Regards
69,0,RT @IndiaBTL: Why is @RailMinIndia procuring Congress mouthpiece National Herald (priced a hefty Rs. 20/piece) &amp; providing it to‚Ä¶
70,0,@PiyushGoyal @narendramodi @RailMinIndia @drmadiwr @PiyushGoyal @IRCTC_Ltd ajmer exp Some people sleeping in local‚Ä¶ https://t.co/VIlogxqpl1
71,1,@Anupama__P @RailMinIndia Official concerned has been advised to look into this
72,0,@drmncrald @GMNCR1 @rudrakumathakur @RailSamachar @RailMinIndia @PMOIndia @narendramodi @PMOffice_India‚Ä¶ https://t.co/Z8FOLm3QmX
73,1,@RailMinIndia @drmadiwr @RailMinIndia @drmadiwr @PiyushGoyal @IRCTC_Ltd ajmer exp Some people sleeping in local coa‚Ä¶ https://t.co/r6okRu4sYv
74,0,"Please take up my case too, I just cant keep calling on the IRCTC number that doesn't get connected @irctcwestzone @IRCTC_Ltd @RailMinIndia"
75,1,@RailMinIndia @ahamadali222 @IR_EDMECHG @CRSE_CHG_NR matter is fwd to the @SrDMEdelhi
76,0,RT @IndiaBTL: Why is @RailMinIndia procuring Congress mouthpiece National Herald (priced a hefty Rs. 20/piece) &amp; providing it to‚Ä¶
77,1,@drmbct @RailMinIndia @TVC138 @IR_EDMECHG @crsechgsrly @CCRBCT @srdmebct The train has stoped at navsari platform but no one is here to see
78,1,@DArpitBhargava @WesternRly @sureshpprabhu @PiyushGoyal @IndianRailMedia @RailMinIndia @DRM_Agra  kindly look into this
79,1,@RailMinIndia @drmdelhi @IR_EDMECHG @CRSE_CHG_NR 2139649203 Name Ahmad Ali D2 sheat no 29
80,1,@IRCTC_Ltd @RailMinIndia @drmadiwr @PiyushGoyal @IRCTC_Ltd ajmer exp Some people sleeping in local coash senior cit‚Ä¶ https://t.co/uF5KUdQ0hU
81,1,"""@RailMinIndia I want to draw your attention about train running late. I've reservation on 13006 train. Yday this t‚Ä¶ https://t.co/OEeuzFeHgh"""
82,0,@RailMinIndia @CoalIndiaHQ #StopStaggeredRestCil
83,0,@pkroy0077 @RailMinIndia veg thali you paid RS50 only
84,1,@RailMinIndia train 12833 date 3.12.2017 is in correct time or delayed plz inform me because I got some msg but no update online
85,1,"RT @DRMbhopal: @RailMinIndia @sanjaygupta2012 Train already departed Itarsi , Matter forwarded to concerned @BhusavalDivn"
86,1,"Sir. I am travelling in coach D-2 seat no. 22,23 in 12498 Sorry to say that wastewater of washbasen is coming into‚Ä¶ https://t.co/d82gKgdjLH"
87,0,@RajeshR21049055 @RailMinIndia @DRM_ASN kindly look into the matter.
88,0,@IRCTC_Ltd @RailMinIndia @RailMinIndia   Take some serious action on these people who is not understand rules and l‚Ä¶ https://t.co/BQyjpBMNSn
89,1,@abhineet_hit  Kindly share PNR number. Matter forwarded to the concerned officials @Drmncrald @ed_eeg
90,0,@rpfsrtpj @rpfsrly @drmmadurai @RailMinIndia Thanks a lot for your prompt respons. Much appreciated.
91,0,@yksharma1985 @RailMinIndia According to this PNR number 2138640781 your berth no. is RAC/S10/55 &amp; attended by on duty TTE
92,1,@RailMinIndia @WWarghade Matter brought to notice of concerned official. @srdencomumbaicr @srdstecobbcr
93,0,@drmncrald @RailMinIndia @PiyushGoyal @GMNCR1 @anuj0109 @rakeshgoswamiHT 1st stop HO quota of 35 seats you offer in‚Ä¶ https://t.co/BJHFCmNHjh
94,0,"@DRM_BVP @ARM_SRC @drmkgp @RailMinIndia @sdmebvp1 Respected sirs, Thank you for quick action and response. I Rahu‚Ä¶ https://t.co/noP1iP8E3n"
95,0,"RT @stevensgreen1: Petition all you like, if @FineGael continually cut PSO @IrishRail and under invest in public transport the travell‚Ä¶ "
96,1,@drmmumbaicr @RailMinIndia @drmljn Please share coach position for 11016 khushinager ex0
97,0,"@RailMinIndia need water for drink,no water bottle available in train plz help...this passenger with her family     2601697248 S8 77"
98,1,"RT @KaliaAjit: Sir. I am travelling in coach D-2 seat no. 22,23 in 12498 Sorry to say that wastewater of washbasen is coming into‚Ä¶ "
99,1,"@RailMinIndia @RailMinIndia Sir A couple traveling to SC by train 07092 with 2yr old kid  Due to train delay,milk t‚Ä¶ https://t.co/KPcfVD4rkz"
100,1,@PiyushGoyalOffc @eastcoastrail @PiyushGoyal @RailMinIndia @drmadiwr @PiyushGoyal @IRCTC_Ltd ajmer exp Some people‚Ä¶ https://t.co/5diN9Trtk0
101,0,@rpfsrtpj @drmmadurai @RailMinIndia @rpfsrly Thanks a lot for your prompt respons. Much appreciated.
102,0,"RT @aub2886: Win *FIFTY* #YA &amp; #NewAdult #UF #Fantasy, #Paranormal #Romance #PNR, &amp; #Dystopian, #ebooks or #paperbacks https://t.co/5UbyPKw‚Ä¶"
103,0,@DRM_BVP @ARM_SRC @drmkgp @RailMinIndia @sdmebvp1 Cleaning staff is now cleaning coach's floor in regular intervals.
104,0,@niraj1712 @SBKULAL @drmgtl @srdom_sc @phanipeddapall1 @drmsecunderabad @riyaj_ali @KantuleSanjay @drmned‚Ä¶ https://t.co/6u0NSeNxDv
105,0,Wow. Are you serious? @Swamy39 @narendramodi @AmitShah https://t.co/iehx1nRAS9
106,1,@RailMinIndia Train is with no pantry &amp;they were unable to find milk in ALD Could u please help Next stop is Satna‚Ä¶ https://t.co/IuU9c2arbi
107,1,"RT @stevensgreen1: Petition all you like, if @FineGael continually cut PSO @IrishRail and under invest in public transport the travell‚Ä¶ "
108,0,@oggy_84 @drmmumbaicr @RailMinIndia B-2 is 18th coach from engine
109,0,@RailMinIndia @PiyushGoyal @RailwayNorthern My parents are travelling in 15231 pnr no. 6408164808 the coach S5 is n‚Ä¶ https://t.co/Ig9TPufytc
110,0,@vikaskh05172507 @Naren_Reddy23 @leomanojc @SayNoToHindi @mnsadhikrut @abpmajhatv @anilshidore @RailMinIndia‚Ä¶ https://t.co/tZ1SopOrL4
111,1,Please  help @RailMinIndia. WHY CAN'T WE BOOK TICKETS FOR TRAIN NUMBER 52145? @IRCTC_Ltd NOT RESPONDING to emails‚Ä¶ https://t.co/gLrBwj7mFA
112,0,@RailMinIndia User id: macrohit Date of booking : 28-11-17
113,0,@RailMinIndia @bbiswajit88 Kindly share Train no.
114,0,"@RailMinIndia @VivekVe76991318 @drmsee1 Noted sir, Matter fwd to @drmbsbner"
115,0,@abhineet_hit @RailMinIndia @PiyushGoyal @PMOIndia Matter advised to concerned official @SrdeechgAld for necessary action.
116,0,@RailMinIndia @DArpitBhargava @ed_eeg @drm_moradabad Matter has been forwarded to concerned official @SrdeegA   for N/\A
117,1,2 hours journey completed in 6 hrs excluding waiting time 3-5hrs.u should take responsibility mostly trains late 5t‚Ä¶ https://t.co/4nc4pmZO3u
118,0,@surykantverma07   Kindly share PNR number.
119,0,@RailMinIndia @RupSgsits @ed_eeg @drmsbc Matter notified to officials concerned @electrlbzascr
120,1,"Travelling in an extremely unclean compartment in Falaknuma 12703, no cleaning done on compartment B3.water logged‚Ä¶ https://t.co/JwALKcH36T"
121,0,@ankulaagarwal @drmbct @RailMinIndia @IR_EDMECHG @crsechgsrly @CCRBCT @srdmebct @drmbct please take N/A.
122,0,@RailMinIndia @Rajeshazra @drmlko25 @srdommb  kindly look into this
123,0,@amt10x @RailMinIndia @nerailwaygkp  https://t.co/mWqazSZhv9
124,1,Booked goods as luggage on 15 Nov from #Jalpaiguri from @RailMinIndia  to be sent to #Jammu. Goods still not despat‚Ä¶ https://t.co/xf2DO1uwvo
125,1,"@RailMinIndia @SHIVAM_1234515 Sir, inconvenience regretted. Please lodge your FIR (if not lodged) with GRP and purs‚Ä¶ https://t.co/lSb34osAX0"
126,0,@drm_moradabad @DArpitBhargava @WesternRly @sureshpprabhu @PiyushGoyal @IndianRailMedia @RailMinIndia Matter has been already forward
127,0,@drmhyb @niraj1712 @SBKULAL @drmgtl @srdom_sc @phanipeddapall1 @drmsecunderabad @riyaj_ali @KantuleSanjay @drmned‚Ä¶ https://t.co/ikYQ8CYcY0
128,0,@drmljn @drmmumbaicr @RailMinIndia Thanks for your help
129,1,"RT @KaliaAjit: Sir. I am travelling in coach D-2 seat no. 22,23 in 12498 Sorry to say that wastewater of washbasen is coming into‚Ä¶ "
130,1,@RailMinIndia why there is no announcement for 12431 which was schedule to reach at Panvel at 18:05 PM on 2/12/17. Please respond
131,1,@TVC138 @drmbct @RailMinIndia @IR_EDMECHG @crsechgsrly @CCRBCT @srdmebct What do you mean by N/A
132,0,RT @Venkati5: @SrDOMhyb @asb_ambati @jijjuu @drmhyb @FeaYogesh @UttamChakram @RailMinIndia @SCRailwayIndia @eswarkanchu‚Ä¶ 
133,1,RT @princebiet: 2 hours journey completed in 6 hrs excluding waiting time 3-5hrs.u should take responsibility mostly trains late 5t‚Ä¶ 
134,1,"@railminindia train number 13288 is delayed by about 3 hours, but NTES says its on time and has reached."
135,0,RT @KurokonekoKamen: üê±Highlander Hellcat üíïQuirky Veterinarian üë©‚Äç‚öïÔ∏è #Paranormal #Romance #Fantasy #free #Kindle #PNR #audiobook #Audible‚Ä¶ 
136,1,"@rahuljaincool @RailMinIndia @PiyushGoyal @IRCTC_Ltd Please share train no, and coach position."
137,0,@ViveckTewari Why dont you tag the concerned guy ! Like mr @RailMinIndia
138,0,@RailMinIndia @drmljn @ Thanks for support and quick action
139,1,Selling tea of Rs. 10 instead of Rs. 7 and water bottle is selling of local company of Rs 20. PNR 6208706148‚Ä¶ https://t.co/d5HlFMqftU
140,0,@RailMinIndia @RailMinIndia @Central_Railway @PiyushGoyal No responce from Railway plz look into the matter
141,0,RT @KurokonekoKamen: üê±Highlander Hellcat üíïQuirky Veterinarian üë©‚Äç‚öïÔ∏è #Paranormal #Romance #Fantasy #free #Kindle #PNR #audiobook #Audible‚Ä¶ 
142,1,"@RailMinIndia PNR 8553246148 B 11/42, MOBILE NO: 7300113446....DRUNKARD PASSENGER SITTING BESIDE ME, HARASSING MY F‚Ä¶ https://t.co/gRwlmSyyby"
143,1,RT @Misandry_Kills: #SaturdayMotivation Punish d murderers of #Engineer #Husband who was thrown out of #Train by‚Ä¶ 
144,0,"@RailMinIndia IRCTC #7367669 emergency,@RailMinIndia Plz. Help"
145,0,@SumitSi25004636 Kindly share your PNR NO
146,1,@RailMinIndia Hello sir mai is time malwa express train number 12919 me hu abhi vendor se khane ke rate pucha usne‚Ä¶ https://t.co/fJBoC3R5yR
147,0,RT @VisakhapatnamJn: @SrDOMhyb @jijjuu @drmhyb @FeaYogesh @UttamChakram @Venkati5 @RailMinIndia @SCRailwayIndia @asb_ambati @eswarkanchu‚Ä¶ 
148,0,HEREISTITLE https://t.co/840D5D8WJS
149,1,@RailMinIndia @PiyushGoyal sir what about the matter that i tweeted you... Still no progress in resuming train no 54212..
150,1,@RailMinIndia Sir i journey by train 12355 in S-7 coach water not available please filling water in S-7 PNR NO.6208277709
151,1,@RailMinIndia @YouTube All over India A.C. waiting room does not  charge premium  of 30 /hour in Chennai  Egmore.‚Ä¶ https://t.co/q2VrJ49af7
152,1,@Vaibhav70569723 @PiyushGoyalOffc @RailMinIndia Hold up at jaipur due to non acceptance from Agra division @SrDOM_Agra
153,1,RT @IndiaBTL: Why is @RailMinIndia procuring Congress mouthpiece National Herald (priced a hefty Rs. 20/piece) &amp; providing it to‚Ä¶ 
154,1,"@IRCTC_Ltd @RailMinIndia I'm on general ticket counter on NHH STSN and clerk says tkt will be given 30 min before train arrival,is it rule?"
155,1,@bk14564 @NitinSubudhi @RailMinIndia @PiyushGoyal They will not give reply..Doon caterer r habitual offenders n u w‚Ä¶ https://t.co/JijuBdQko2
156,0,@RailMinIndia @Siriusblack1213 @rpfncr Matter advised to concerned official @nr_ctg for necessary action.
157,0,@SirDebasis @Naren_Reddy23 @leomanojc @SayNoToHindi @mnsadhikrut @abpmajhatv @anilshidore @RailMinIndia‚Ä¶ https://t.co/xRQ11YkDfg
158,1,RT @rdwiv3: @IRCTC_Ltd @RailMinIndia I'm on general ticket counter on NHH STSN and clerk says tkt will be given 30 min before train arrival‚Ä¶
159,0,@drmncrald @abhineet_hit @RailMinIndia @PiyushGoyal @PMOIndia sorry for inconvenience.your complaint will attended at CNB/STN.
160,1,@RailMinIndia Sir also gv.  Tr. In this way .these tr. Pass. But not come in track .last 4 yrs. https://t.co/J4we7suzbr
161,0,@drmvijayawada @RailMinIndia @RupSgsits @ed_eeg @drmsbc Sir same intimated to ongole platform electrical staff for rectification thank u
162,0,RT @NDJonesAuthor: Never has love tasted so salty-sweet. Never has fate burned so hot. https://t.co/hVNE5S1jkm Pick up your .99 copy o‚Ä¶ 
163,1,RT @IndiaBTL: Why is @RailMinIndia procuring Congress mouthpiece National Herald (priced a hefty Rs. 20/piece) &amp; providing it to‚Ä¶ 
164,1,@RailMinIndia Dear sir PNR NO.2337832847 train no.15622 from Chapra to New Bongaigaon still showing Waiting list i‚Ä¶ https://t.co/hSQNKp84Nm
165,1,@RailMinIndia @DRMbhopal @IR_ENHM Thanks. Cleaning staff did not come till 04:40 then our train arrived anDwe left.‚Ä¶ https://t.co/ziKLV0Mr0y
166,0,@RailMinIndia @Siriusblack1213 @drmncrald sir please shear your contact no.&amp; journey ditels
167,1,@drmadiwr @RailMinIndia @PiyushGoyal @IRCTC_Ltd Sir this is local coash and pls search my location on Google and ma‚Ä¶ https://t.co/U9aEfv3c13
168,1,RT @KARailway: Provide 1min stoppage for Karnataka Sampark Kranthi at #Haveri @DrmMys @GMSWR @RailMinIndia @PiyushGoyalOffc‚Ä¶ 
169,0,"Dark Pursuit, a #pnr #holiday story is on sale for #99cents! https://t.co/MFxZ7YCtIi https://t.co/QvS7EUtktI"
170,0,@drmadiwr PNR No -2720271036
171,1,It's important to remember the EU isn't only a progressive force - have a look at these EU data collection and shar‚Ä¶ https://t.co/iFuM2tyePs
172,0,@rpfwrbct @rpfwr1 @RailMinIndia @Deshbhakth1 @rpfchurchgate @rpfmumbcenlocal @rpfdadar2 @RPFAndheri @rpfborivali1‚Ä¶ https://t.co/OlzONbm5Bo
173,0,"RT @IndiaBTL: Glad to inform &amp; confirmed from multiple sources, the newspaper was not distributed by railways officially, but cou‚Ä¶ "
174,1,@irctceastzone @RailMinIndia Nothing happened yet I didn't receive any call and I am about to reach my destination‚Ä¶ https://t.co/YYwYp6v1cm
175,1,@RailMinIndia PNR no 2816590786 &amp; 2815712288  one  S5 35 allotted  for two persons  kindly help
176,1,"@RailMinIndia @mohitbansal660 @RpfNwr Sir, kindly share your contact number with journey details and specify place‚Ä¶ https://t.co/JVJMorksgY"
177,1,@RailMinIndia Sir Eastern railway ki local ki halat kab sudhregi.Time pe to chorti nahi.agr 5 baje ki train ho to‚Ä¶ https://t.co/MPs4taH5WV
178,1,"@RailMinIndia train 13288 is delayed by 3 hours, but NTES is showing its on time and has reached."
179,1,"@SRDMERTM @RatlamDRM @RailMinIndia @IR_ENHM No one has attended at COR , now we are about to reach kota, now the co‚Ä¶ https://t.co/9Z5CTznuCd"
180,1,"@DRMbhopal @RailMinIndia @BhusavalDivn Train departed from itarsi but concerned is delay, what if I miss flight due‚Ä¶ https://t.co/UyQIYzIFcJ"
181,1,"@RailMinIndia @drmdelhi dear sir Kisan express 14519 regularly late arrived at Hisar, complaint  or tweeted so many‚Ä¶ https://t.co/DDcrzPRWq8"
182,1,@WesternRly @DRMBRCWR @drmbct @RailMinIndia @PiyushGoyalOffc @PiyushGoyal We want passanger train between bharuch t‚Ä¶ https://t.co/tEBXrWdYha
183,0,@vikaskh05172507 @Naren_Reddy23 @leomanojc @SayNoToHindi @mnsadhikrut @abpmajhatv @anilshidore @RailMinIndia‚Ä¶ https://t.co/bACOZnpAQi
184,1,"@IRCTC_Ltd @RailMinIndia @PiyushGoyalOffc  it's your habit to make crowd, dhkka mukki for tickets"
185,0,"RT @LisaCBooks: Dark Pursuit, a #pnr #holiday story is on sale for #99cents! https://t.co/MFxZ7YCtIi https://t.co/QvS7EUtktI"
186,1,RT @IndiaBTL: Why is @RailMinIndia procuring Congress mouthpiece National Herald (priced a hefty Rs. 20/piece) &amp; providing it to‚Ä¶ 
187,0,@RailMinIndia Announcement done !!!
188,1,@RailMinIndia AC is not working properly in A3 coach in train no 12295 currently it is near jabalpur
189,0,@RailMinIndia @Siriusblack1213 @drmncrald @rpfncrald  kindly look this matter into necessary action NCR-1536
190,1,@drm_apdj @RailMinIndia 12378 really shameful almost after 1 he train has departed from source and in 1st tweet tra‚Ä¶ https://t.co/lPUA5R1kqf
191,0,RT @IndiaBTL: Why is @RailMinIndia procuring Congress mouthpiece National Herald (priced a hefty Rs. 20/piece) &amp; providing it to‚Ä¶ 
192,0,RT @DOTrPH: READ: Construction of Manila-Clark Railway project to start soon. The contract for the construction supervision and‚Ä¶ 
193,0,"@RailMinIndia @Sivaram15064430 Inconvenience regretted, matter is being taken up for further necessary action"
194,1,"RT @stevensgreen1: Petition all you like, if @FineGael continually cut PSO @IrishRail and under invest in public transport the travell‚Ä¶ "
195,0,@RailMinIndia @mohitbansal660 @NRRPF Comp No. 437 matter forwarded to @rpfnwrbkn look into this matter &amp;  kindly pr‚Ä¶ https://t.co/dN8IuA9Shf
196,0,"@Uttambanerjee10  Kindly share PNR number, issue forwarded to concerned officials @ed_eeg @Drmnfr_lmg @Drmvijayawada"
197,1,@RailMinIndia @EasternRailway The train 63142 has stopped due to engine breakdown since last 2hrs. Creating long ag‚Ä¶ https://t.co/o65KN5DOGs 
198,0,https://t.co/f27P3FSDcJ @PMOIndia @narendramodi
199,0,RT @wbellauthor: RT @MistralKDawn #Treat yourself to a #romantic #adventure among the Fae this #weekend &amp; be #enchanted! #Free w/‚Ä¶ 
200,0,@kiran_k28 @RailMinIndia matter forwarded to concerned @mechbpl
201,0,@drm_drmizn @RailMinIndia sr aap kya kahenge koi action lenge aap ya nahi https://t.co/vWcbzfkBXk
202,1,"RT @DOTrPH: ATM : Contract signing for construction of PNR Clark Phase 1 (Tutuban-Malolos) project bet. DOTr, NSTren Consortium https://t.c‚Ä¶"
203,0,@RailMinIndia @KaliaAjit @IR_ENHM Pls look into the matter @AmbalaCnW
204,1,@RailMinIndia pls see how the train at #Kerala delayed. 12696 TVC MAS SF (schde6.30 pm Kollam) arrived station at 6‚Ä¶ https://t.co/HOTOG8HuwO
205,0,RT @VisakhapatnamJn: @SrDOMhyb @jijjuu @drmhyb @FeaYogesh @UttamChakram @Venkati5 @RailMinIndia @SCRailwayIndia @asb_ambati @eswarkanchu‚Ä¶ 
206,0,@IRCTC_Ltd @RailMinIndia Check pics of railway failure https://t.co/trUCYQyBzM
207,1,@RailMinIndia @nerailwaygkp train no. 12492 is delayed by more than 2 hr in between of Burwal junction to Gonda junction.
208,1,"@RailMinIndia Sachkhand express (12715) late by 7+ hours. Just buying Japanese trains won't help, IR should learn f‚Ä¶ https://t.co/4x33yIQDxL"
209,0,RT @ErGKSWAMY1: @seevivekhere Ask them to join @airef_official  under the dynamic leadership of @AirefPr @airef1234 and fight for j‚Ä¶ 
210,1,@RailMinIndia An aged lady has been alloted upper berth in train no. 22911. PNR no. 8553362063. Kindly see if any modifications possible.
211,1,So this is what India railways looks like. Can't get any better !! @IRCTC_Ltd @IndianRailMedia @RailMinIndia‚Ä¶ https://t.co/BKKYAL68oY
212,0,"RT @IndiaBTL: Glad to inform &amp; confirmed from multiple sources, the newspaper was not distributed by railways officially, but cou‚Ä¶ "
213,0,@RailMinIndia Cant justify This Station Approval? The distance is only 2 kms! this place is reserved 4 MentalHospit‚Ä¶ https://t.co/XNELV33iNo
214,0,@vikaskh05172507 @SirDebasis @Naren_Reddy23 @SayNoToHindi @mnsadhikrut @abpmajhatv @anilshidore @RailMinIndia‚Ä¶ https://t.co/s4vTuMhTIo
215,1,@drmsbc @RailMinIndia @srdensbc sir what is the update who has reviewed as  I do not see any action taken pl visit n take action
216,1,@RailMinIndia no one responding on phone call at enquiry in jamalpur station. Please consider my complaint because‚Ä¶ https://t.co/PZGqiiUpil
217,1,@DRMbhopal An aged lady has been alloted upper berth in 22911. PNR no. 8553362063. Kindly see if any modifications possible.
218,0,@RailMinIndia @RailwayNorthern @ECRlyHJP plz help me coach position of train no 19321 of coach A1 at Jaunpur Jn .
219,1,@RailMinIndia Everyday magadh exp 12401 running late 3to 5 hrs without any reson.  Is anyome have responsibility. P‚Ä¶ https://t.co/UzZYQoVuCh
220,0,@drmumb @RailMinIndia @KaliaAjit @IR_ENHM Sir message given to SSE/UMB and matter forwarded to @SrDmeChg_Dli @DelhiCcc
221,0,@drmadiwr @RailMinIndia @PiyushGoyal @IRCTC_Ltd Train last 2-3 coach
222,1,"@PiyushGoyal PNR-2337792679 Trn:12802 Dt:02-12-2017 Frm MGS to CTC Cls:3A P1-B1,54 Sir I lost my shoes.may be some one stolen."
223,1,14316 TTE comes only after hapur stn when majority of ticketless passengers have deboarded. It's useless to buy tic‚Ä¶ https://t.co/aNSeZwgOwT
224,1,@RailMinIndia @khushalvakharia That‚Äôs poor railways.poor very poor. ‚úåÔ∏è‚úåÔ∏è‚úåÔ∏è‚úåÔ∏è
225,1,@DRMbhopal @RailMinIndia @BhusavalDivn Could u all confirm at what time train will be reaching mumbai? @PiyushGoyal‚Ä¶ https://t.co/Ko6SMCV4My
226,1,"RT @kassalv: #Scrap498A #498A is a weapon to extort money coz #498AJailsInnocent familes !
emergency,@IRCTC_Ltd @RailMinIndia @PiyushGoyalOffc If your clerk can give tickets than why he is not giving"""
227,0,@SirDebasis @Naren_Reddy23 @leomanojc @SayNoToHindi @mnsadhikrut @abpmajhatv @anilshidore @RailMinIndia‚Ä¶ https://t.co/Rupv5ynCuH
228,0,"@sanjaygupta2012 @DRMbhopal @RailMinIndia sorry for inconvenience,matter noted to @OPTGBSL"
229,0,@RailMinIndia @khushalvakharia Poor service by railways.
230,0,RT @swabhimani1: We are thankful 2 on behalf of The People of‚Ä¶ 
231,1,"@RailMinIndia @sanjaygupta2012 Train handled over late by more than 6 hours from previous division, @drmjabalpur @drmncrald  kindly update."
232,0,RT @IndiaBTL: Why is @RailMinIndia procuring Congress mouthpiece National Herald (priced a hefty Rs. 20/piece) &amp; providing it to‚Ä¶ 
233,0,@RailMinIndia @pavansonidegana Inconvenience caused is regretted. This facility is provided on platform number one‚Ä¶ https://t.co/JUeRotn6C0
234,1,@PiyushGoyal sir kafi trains ke coach main glass khidkiyaan poori bad nhi hoti hain so travel ke time thand lagti r‚Ä¶ https://t.co/jH6Hw3nPbS
235,0,"@bbiswajit88 @RailMinIndia Sorry,  the tweet received from @RailMinIndia doesn't contain your complaint."
236,1,@RailMinIndia  update:- today intercity 12930 late 16 min?
237,0,@PiyushGoyal @nerailwaygkp @gmner_gkp @RailMinIndia @AshwaniLohani @mourya_369 @PMOIndia @CVCIndia @PiyushGoyalOffc‚Ä¶ https://t.co/CTT9s3MAk3
238,0,@SirDebasis @vikaskh05172507 @Naren_Reddy23 @SayNoToHindi @mnsadhikrut @abpmajhatv @anilshidore @RailMinIndia‚Ä¶ https://t.co/cImqnkJTwC
239,0,@RailMinIndia @irctceastzone 6506401270
240,1,@RailMinIndia @DRMBRCWR Maximum train stoppage in bharuch.. We want also stoppage of more train in evening time.. A‚Ä¶ https://t.co/p5Ispx8g3R
241,1,RT @IndiaBTL: Why is @RailMinIndia procuring Congress mouthpiece National Herald (priced a hefty Rs. 20/piece) &amp; providing it to‚Ä¶ 
242,1,RT @DeepSaxena20: @RailMinIndia Hello sir mai is time malwa express train number 12919 me hu abhi vendor se khane ke rate pucha usne‚Ä¶ 
243,0,"RT @RailMinIndia: All commodities have registered robust growth with steel at 16%, cement 10%, containers 13%, iron ore 5% and coal 2‚Ä¶ "
244,0,@rpfcrsur @RailMinIndia how many months or should i say years should i wait for the Conscience of #CORRUPT #ROTTEN‚Ä¶ https://t.co/2h0v7KWzgy
245,1,"@IRCTC_Ltd @RailMinIndia @PiyushGoyalOffc Ppls r in queue for tickets without any time limit, because your trains getting late and late"
246,0,RT @HariNYadav: #498aJailsInnocent 
247,1,@SirDebasis @SayNoToHindi @mnsadhikrut @abpmajhatv @anilshidore @RailMinIndia @Central_Railway Pure bullshit..
248,0,"@sanjaygupta2012 @DRMbhopal @RailMinIndia @PiyushGoyal sorry for inconvenience ,matter noted @IRCTC_Ltd"
249,0,RT @sureshpprabhu: https://t.co/06uwLS5m7J
250,0,RT @sureshpprabhu: Holistic strategy to ensure growth https://t.co/YpOs5ZShmF
251,1,RT @Misandry_Kills: #SaturdayMotivation Punish d murderers of #Engineer #Husband who was thrown out of #Train by‚Ä¶ 
252,0,This is what #Swachbharat looks like https://t.co/npKnxGqOyP
253,0,@RailMinIndia PNR NO. 6107451949
254,1,@RailMinIndia @Sivaram15064430 @irctcwestzone Sir I want some action not just tweet for fomalty o want improve my r‚Ä¶ https://t.co/f3JprtwXze
255,0,RT @sureshpprabhu: Holistic strategy to ensure growth https://t.co/YpOs5ZShmF
256,0,#amreading #urbanfantasy #uf #ufart #urbanfantasyart #magic #booksaremagic #amreading #pnr #paranormalromance‚Ä¶ https://t.co/0PLQ8FCV7a
257,0,RT @Misandry_Kills: #SaturdayMotivation Punish d murderers of #Engineer #Husband who was thrown out of #Train by‚Ä¶ 
258,0,@vikaskh05172507 @SirDebasis @Naren_Reddy23 @SayNoToHindi @mnsadhikrut @abpmajhatv @anilshidore @RailMinIndia‚Ä¶ https://t.co/SH1DzBApOg
259,0,@RailMinIndia @BannaDipaksa SSE Telecom at MSH will be send tomorrow  dt 03/12/2017.
260,1,@RailMinIndia @srdcmbsb @gmner_gkp Pls tell me T. no 55150 will originate today from BCY or not?
261,0,@IRCTC_Ltd @RailMinIndia @PiyushGoyalOffc  https://t.co/pI0q6MyzyH
262,0,RT @ML_Callahan: Hot #newrelease from bestselling author Grace Goodwin! #PNR #scifi #tw4rw Her Cyborg Beast  by Grace Goodwin‚Ä¶ 
263,0,RT @FollowCII: We are in the process of drawing up policies for each of the sectors of the economy on how to increase their busine‚Ä¶ 
264,0,@anujajoshi9 @RatlamDRM @RailMinIndia @IR_ENHM will be attended at kota . please share your mobile no .
265,1,@IRCTC_Ltd @RailMinIndia @PiyushGoyalOffc What a attitude of railway
266,0,@RailMinIndia @drmncrald @ed_eeg Pnr- 6305720206
267,0,@dps045 @RailMinIndia @RailwayNorthern @ECRlyHJP @drmlko25 @gm_nrly @railminindia Plz Install coach indicator Displ‚Ä¶ https://t.co/VGivLhudmR
268,0,"RT @RailMinIndia: Sh. Vishvesh Chaube,GM NR undertook surprise inspection of New Delhi Stn &amp; took stock of passenger amenities of tra‚Ä¶ "
269,0,@RailMinIndia @rajtoday @Akkibhatkar @Shrikant2025 @ThaneMt @thane_now @MumbraKiAwaam @PiyushGoyal @mumbairailusers‚Ä¶ https://t.co/Iu4NzEgWIR
270,1,"@AshwaniLohani sir,12303 ex_01 Dec. started 13 hr late further delayed by 20 hrs while reaching Ald. Req help to re‚Ä¶ https://t.co/B0JBeZrk6m"
271,0,"RT @RailMinIndia: All commodities have registered robust growth with steel at 16%, cement 10%, containers 13%, iron ore 5% and coal 2‚Ä¶ "
272,0,RT @RailMinIndia: During April - November this financial an incremental loading of over 32 Million tonnes has been achieved. Against‚Ä¶ 
273,0,RT @RailMinIndia: Member Traffic reviewed the April- Nov transportation  performance with Rly Board and Zonal Rly Officers and passed‚Ä¶ 
274,0,How can we respect 23 people who lost life on #elphinstone #bridge2017 ? They must be remembered in some manner whe‚Ä¶ https://t.co/rBb0swCQ8u
275,0,@rahuljaincool @RailMinIndia @PiyushGoyal @IRCTC_Ltd Please share train no
276,0,@DRMbhopal @kiran_k28 @RailMinIndia Sorry for inconvenience complaint will be attend at ITARSI
277,0,RT @RailMinIndia: Passenger traffic has also shown significant growth in Reserved &amp; suburban segments.Over  5Cr additional passengers‚Ä¶ 
278,0,RT @IndiaBTL: Why is @RailMinIndia procuring Congress mouthpiece National Herald (priced a hefty Rs. 20/piece) &amp; providing it to‚Ä¶ 
279,1,@RailMinIndia @BannaDipaksa @drmadiwr Send some police officer for this any immediate take action on this
280,1,"I applaud Indian Railway 4commendable service.We had issue with charging pt, attendants quickly came,plucked entire‚Ä¶ https://t.co/IenAa6lzLj"
281,0,@RailMinIndia @TVC138 Thank for your reply
282,1,@RailMinIndia @drmbsbner @IR_ENHM @drmhowrah @cleanmycoach I did massage to 58888 but Noone replied yet pls sir I w‚Ä¶ https://t.co/VOmlWWbtum
283,1,RT @prateekpharmpt: @RailMinIndia Everyday magadh exp 12401 running late 3to 5 hrs without any reson.  Is anyome have responsibility. P‚Ä¶ 
284,0,@RailMinIndia Thanks for your reply
285,0,@RailMinIndia @soorajkumarv @GMSRailway Noted informed concerned department
286,1,@Central_Railway @RailMinIndia @drmmumbaicr please update the status of today 12141 LTT PPTA EXPRESS departure from LTT.
287,1,@RailMinIndia @PiyushGoyal @PMOIndia 59441 runs late daily between surat to ankleshwar &amp; onwards. Request to do needful.Any doubt check NTES
288,1,@RailMinIndia I booked tickets from IRCTC MOBILE APP the tickets are not booked but the payment is done Does We are‚Ä¶ https://t.co/KplXE4MvOp
289,0,@RailMinIndia @rajtoday @Akkibhatkar @Shrikant2025 @ThaneMt @thane_now @MumbraKiAwaam @PiyushGoyal @mumbairailusers‚Ä¶ https://t.co/jLmGKbbWyO
290,1,@rpfcr @RailMinIndia @DrmSolapur @rpfcrsur HOW MANY MORE INNOCENT PEOPLE WILL HAVE TO #SUFFERING THIS KIND OF‚Ä¶ https://t.co/NAYpG2Q3VH
291,1,"@RailMinIndia @KonkanRailway @GM_CRly @PiyushGoyal my sister is traveling by train no 50106, train is 3 hours late.‚Ä¶ https://t.co/8xfkCfxZ8E"
292,1,"@RailwayNorthern @GM_NRly plz do favour for Jaunpur Jn ( JNU) - one more foot than over bridge but covered, coaches‚Ä¶ https://t.co/8gEkuJJOxz"
293,0,@RailMinIndia @Uttambanerjee10 @ed_eeg @drmnfr_lmg Matter notified to officials concerned @electrlbzascr
294,0,The Google i1 button is used 5 billion times pnr day. (source: AllTwitter)
295,0,@CIDCO_Ltd @RailMinIndia @PiyushGoyal @PiyushGoyalOffc No light @Rabale stn plz check https://t.co/rvIz9LYKCF
296,0,@PiyushGoyal @RailMinIndia @GMNCR1 @gmncr https://t.co/fL0c1tSAk4
297,0,"RT @irctcwestzone: @RailMinIndia @Sivaram15064430 Inconvenience regretted, matter is being taken up for further necessary action"
298,0,@tamsil_sidd @RailMinIndia @PiyushGoyal Your mail is forwarded to @gm_nfr as mentioned in the screenshot
299,0,@imvikas10x @Central_Railway @RailMinIndia @PiyushGoyal @PiyushGoyalOffc @mygovindia @PMOIndia @nitin_gadkari‚Ä¶ https://t.co/PTC5NKfsv5
300,0,@DRMbhopal @RailMinIndia @sanjaygupta2012 @drmncrald Matter notified to concerned official @BhusavalDivn
301,0,@leomanojc @SirDebasis @Naren_Reddy23 @SayNoToHindi @mnsadhikrut @abpmajhatv @anilshidore @RailMinIndia‚Ä¶ https://t.co/Bes1TzmXoI
302,0,@BhusavalDivn @DRMbhopal @RailMinIndia @PiyushGoyal @IRCTC_Ltd Sir can we get for which we all r paying or just cha‚Ä¶ https://t.co/RPIWu0YT6k
303,1,"RT @IndiaBTL: Glad to inform &amp; confirmed from multiple sources, the newspaper was not distributed by railways officially, but cou‚Ä¶ "
304,1,"@RailMinIndia Dear sir, I am traveling in awadh assam exp PNR 2817784641, there is no water in washroom and so dirty coach.."
305,1,RT @shreerangkhare: How can we respect 23 people who lost life on #elphinstone #bridge2017 ? They must be remembered in some manner whe‚Ä¶ 
306,0,RT @FollowCII: We are in the process of drawing up policies for each of the sectors of the economy on how to increase their busine‚Ä¶ 
307,0,RT @sureshpprabhu: Holistic strategy to ensure growth https://t.co/YpOs5ZShmF
308,0,"@RajivPa42303624  Kindly share PNR number, issue referred to concerned officials @ed_eeg @Drmkhurdaroad"
309,1,"@PiyushGoyal plz do favour for Jaunpur Jn ( JNU) - one more foot than over bridge but covered, coaches indications‚Ä¶ https://t.co/9EBewnWUpM"
310,0,Featured New Releases from Midika Crane and Anna Lowe! https://t.co/6PhUQ2suMr #pnr #paranormalromance
311,0,@windowseatprj @Gr8IndianRail @RailMinIndia @HK_harsha @BBC_Travel @hptdc @htTweets @Indianrlyinfo @instahimachal
312,0,@imvikas10x @Central_Railway @RailMinIndia @PiyushGoyal @PiyushGoyalOffc @mygovindia @PMOIndia @nitin_gadkari‚Ä¶ https://t.co/aKLL2IZgbs
313,0,"RT @RailwayNorthern: @IndiaBTL @RailMinIndia @PiyushGoyal @PMOIndia ""NR does not purchase National Herald for distribution in trains. Ei‚Ä¶ "
314,0,Scenic #IndianRailways near #Igatpuri on #Mumbai - #Nasik route. #ThullGhat #KamayaniExpress @RailMinIndia‚Ä¶ https://t.co/nnkI29oaEL
315,0,@IRCTC_Ltd @RailMinIndia Ppls r in queue and waiting for tickets and clerk and railway dono SO rhe hai
316,1,@KaliaAjit @prayag @RailMinIndia @PiyushGoyalOffc They do not have performance appraisal and variable pay. So obvio‚Ä¶ https://t.co/p1S66EYupu
317,0,Enter to win $150 Amazon Gift Card! #Books #PNR #UrbanFantasy #Romance https://t.co/jBfXzDe7P2
318,0,RT @Parsikpravasi: @RailMinIndia @rajtoday @Akkibhatkar @Shrikant2025 @ThaneMt @thane_now @MumbraKiAwaam @PiyushGoyal @mumbairailusers‚Ä¶ 
319,0,@prena_ @rpfnwrjp @RpfNwr @RailMinIndia Kindly clarify the name of station with @SrdenCoJaipur
320,1,@RailMinIndia @BhusavalDivn May I expect Reasons before I get down from this train at Thane or may I expect after c‚Ä¶ https://t.co/uMa1BYqksY
321,0,@leomanojc @vikaskh05172507 @Naren_Reddy23 @SayNoToHindi @mnsadhikrut @abpmajhatv @anilshidore @RailMinIndia‚Ä¶ https://t.co/ZYfC5aoBnl
322,0,A Highland Moon Enchantment by Mary Morgan #Historical #PNR @MoBPromos @m_morganauthor https://t.co/qRKKQTLAkx via @JacqBiggar
323,0,@IRCTC_Ltd @RailMinIndia @PiyushGoyalOffc Great job GANDHI JI KE BANDAAEON
324,0,@Sunnykumarjee @Central_Railway @RailMinIndia For updated information please call 139.
325,0,@NashikNews https://t.co/u8sL0GURHI
326,1,@RailMinIndia 12930 Dahod Valsad superfast train is today 25 min late. And this train is not a single day coming on‚Ä¶ https://t.co/PIOJ8CgQpG
327,1,@DRMBRCWR  valve number 136 on platform number 6 is open and the water is draining down the sewage! Please instruct‚Ä¶ https://t.co/0wURDN9vak
328,0,@drmjabalpur @DRMbhopal @RailMinIndia @drmncrald @BhusavalDivn @PiyushGoyal It's not the solution
329,1,@RailMinIndia PNR 4858754692 It was extremely difficult boarding the train and getting our seats from the unreserve‚Ä¶ https://t.co/PnQR5EXbwS
330,0,@DRMJaipur Banasthali Niwai @rpfnwrjp @RpfNwr @RailMinIndia @SrdenCoJaipur BNLW
331,1,RT @RupSgsits: @RailMinIndia Fan is not working in Train:12295 coach S2-47/48. Please assist.
332,0,RT @LoveBitesSilk: A Highland Moon Enchantment by Mary Morgan #Historical #PNR @MoBPromos @m_morganauthor https://t.co/qRKKQTLAkx via @Jacq‚Ä¶
333,0,@SBKULAL @Bkugne @riyaj_ali @niraj1712 @FAZALALAM234 @phanipeddapall1 @ratneshthakur86 @railmitraa @drmned @drmgtl‚Ä¶ https://t.co/ZxsjnoOQLd
334,1,@drmlko25 @RailMinIndia @RailwayNorthern Kindly send anyone railway staff to attend 14203
335,1,"@RailMinIndia Dear Sir, my father is a senior citizen and is a patient too.Travelling alone and his seat is not confirmed but is having RAC."
336,1,@RailMinIndia plz continue train no 14307-14308
337,0,RT @IndiaBTL: Why is @RailMinIndia procuring Congress mouthpiece National Herald (priced a hefty Rs. 20/piece) &amp; providing it to‚Ä¶
338,0, @PiyushGoyal If a person buys ticket online and if its not confirmed then why that ticket is not a v‚Ä¶ https://t.co/fgalcVcM6C
339,1,@RailMinIndia @drmnfr_lmg @IR_ENHM till now no action has been taken
340,0,@RailMinIndia @pk_9451 In such cases what is the way out. Please suggest solutions
341,0,"@RailMinIndia @RailwayNorthern @PiyushGoyalOffc this winter no fog now a days, still so late trains. It looks staff‚Ä¶ https://t.co/x0ATy1Fd28"
342,1,"@RailMinIndia train no 12551 , b10,23 .here water is leaking from AC.  Please do the needful."
343,1,@RailMinIndia Train has departed Varanasi and will be reaching Chunar in few minutes and then Mirzapur.
344,0,@RailMinIndia Thanks for the reply ..:). PNR-4138201979.
345,0,"RT @RailMinIndia: All commodities have registered robust growth with steel at 16%, cement 10%, containers 13%, iron ore 5% and coal 2‚Ä¶"
346,1,"@DRMbhopal @RailMinIndia @sanjaygupta2012 sorry for inconvenience ,matter noted to @OPTGBSL"
347,1,@RailMinIndia please help. His PNR number is 2820176609
348,0,Check out Thief Catcher on The Prolific Reader! #instafreebie #freebook #whattoread #pnr https://t.co/jB0Hts5o8J https://t.co/brSUrxmByu
349,1,#NTES National Train enquiry system is not updating #Mumbai Localtrain running info properly @Central_Railway‚Ä¶ https://t.co/8C0robxMP9
350,1,@ahamadali222  Kindly share PNR number.  Matter forwarded to the concerned officials @Drmdelhi @IR_EDMECHG @CRSE_CHG_NR
351,1,@RailMinIndia sir..the train status is bit confusing.. https://t.co/1Y83dnU9A8
352,1,@RailMinIndia @IRCTC_Ltd @DCPDelhiRailway @drmdelhi Train 12724 has been at a halt since 30 mins at Hazrat Nizamudd‚Ä¶ https://t.co/ntm09W6sci
353,1,"@RailMinIndia @drmadiwr @PiyushGoyal @IRCTC_Ltd ajmer exp Some people sleeping in local coash senior citizen, ladies many people standing"
354,0,"RT @IndiaBTL: Glad to inform &amp; confirmed from multiple sources, the newspaper was not distributed by railways officially, but cou‚Ä¶"
355,1,RT @kautilyadutt: #NTES National Train enquiry system is not updating #Mumbai Localtrain running info properly @Central_Railway‚Ä¶
356,1,@RailMinIndia standard meals charging Rs 100 in 12194 train .my pnr no 8420297219
357,0,@RatlamDRM @SBKULAL @Bkugne @riyaj_ali @niraj1712 @FAZALALAM234 @phanipeddapall1 @ratneshthakur86 @railmitraa‚Ä¶ https://t.co/yXriZjSJiC
358,0,@Cleartrip If u want ticket print i can DM to u for PNR etc.?U can also check whether refund has been processed to‚Ä¶ https://t.co/PKiywKLV2l
359,1,@DRMbhopal @satyavsingh @RailMinIndia Sorry for inconvenience complaint will be attend at ITARSI
360,1,RailMinIndia @bbiswajit88 Details not available pls.
361,1,12142 train stops at thane or not @RailMinIndia please reply
362,1,@RailMinIndia @ankulaagarwal @TVC138 @IR_EDMECHG @crsechgsrly Matter informed to concern officials @CCRBCT @srdmebct .Regards
363,0,RT @IndiaBTL: Why is @RailMinIndia procuring Congress mouthpiece National Herald (priced a hefty Rs. 20/piece) &amp; providing it to‚Ä¶
364,1,@PiyushGoyal @narendramodi @RailMinIndia @drmadiwr @PiyushGoyal @IRCTC_Ltd ajmer exp Some people sleeping in local‚Ä¶ https://t.co/VIlogxqpl1
365,1,@Anupama__P @RailMinIndia Official concerned has been advised to look into this
366,0,@drmncrald @GMNCR1 @rudrakumathakur @RailSamachar @RailMinIndia @PMOIndia @narendramodi @PMOffice_India‚Ä¶ https://t.co/Z8FOLm3QmX
367,1,@RailMinIndia @drmadiwr @RailMinIndia @drmadiwr @PiyushGoyal @IRCTC_Ltd ajmer exp Some people sleeping in local coa‚Ä¶ https://t.co/r6okRu4sYv
368,1,"Please take up my case too, I just cant keep calling on the IRCTC number that doesn't get connected @irctcwestzone @IRCTC_Ltd @RailMinIndia"
369,1,@RailMinIndia @ahamadali222 @IR_EDMECHG @CRSE_CHG_NR matter is fwd to the @SrDMEdelhi
370,0,RT @IndiaBTL: Why is @RailMinIndia procuring Congress mouthpiece National Herald (priced a hefty Rs. 20/piece) &amp; providing it to‚Ä¶
371,1,@drmbct @RailMinIndia @TVC138 @IR_EDMECHG @crsechgsrly @CCRBCT @srdmebct The train has stoped at navsari platform but no one is here to see
372,1,@DArpitBhargava @WesternRly @sureshpprabhu @PiyushGoyal @IndianRailMedia @RailMinIndia @DRM_Agra  kindly look into this
373,1, @drmdelhi @IR_EDMECHG @CRSE_CHG_NR 2139649203 Name . Ahmad Ali D2 sheat no 29
374,1,@IRCTC_Ltd @RailMinIndia @drmadiwr @PiyushGoyal @IRCTC_Ltd ajmer exp Some people sleeping in local coash senior cit‚Ä¶ https://t.co/uF5KUdQ0hU
375,1, I want to draw your attention about train running late. I've reservation on 13006 train. Yday this t‚Ä¶ https://t.co/OEeuzFeHgh
376,0,@RailMinIndia @CoalIndiaHQ #StopStaggeredRestCil
377,0,@pkroy0077 @RailMinIndia veg thali you paid RS50 only .
378,1,@RailMinIndia train 12833 date 3.12.2017 is in correct time or delayed plz inform me because I got some msg but no update online
379,0,"Petition all you like, if @FineGael continually cut PSO @IrishRail and under invest in public transport the travell‚Ä¶ https://t.co/0rVpCBElEB"
380,1,"RT @DRMbhopal: @RailMinIndia @sanjaygupta2012 Train already departed Itarsi , Matter forwarded to concerned @BhusavalDivn"
381,1,"Sir. I am travelling in coach D-2 seat no. 22,23 in 12498 Sorry to say that wastewater of washbasen is coming into‚Ä¶ https://t.co/d82gKgdjLH"
382,1,@RajeshR21049055 @RailMinIndia @DRM_ASN kindly look into the matter.
383,0,@IRCTC_Ltd @RailMinIndia @RailMinIndia   Take some serious action on these people who is not understand rules and l‚Ä¶ https://t.co/BQyjpBMNSn
384,1,@abhineet_hit  Kindly share PNR number. Matter forwarded to the concerned officials @Drmncrald @ed_eeg
385,0,@rpfsrtpj @rpfsrly @drmmadurai @RailMinIndia Thanks a lot for your prompt respons. Much appreciated.
386,1,@yksharma1985 @RailMinIndia According to this PNR number 2138640781 your berth no. is RAC/S10/55 &amp; attended by on duty TTE
387,0,@RailMinIndia @WWarghade Matter brought to notice of concerned official. @srdencomumbaicr @srdstecobbcr
388,0,@drmncrald @RailMinIndia @PiyushGoyal @GMNCR1 @anuj0109 @rakeshgoswamiHT 1st stop HO quota of 35 seats you offer in‚Ä¶ https://t.co/BJHFCmNHjh
389,0," @ARM_SRC @drmkgp @RailMinIndia @sdmebvp1 Respected sirs,Thank you for quick action and response. I Rahu‚Ä¶ https://t.co/noP1iP8E3n"
390,0,"RT @stevensgreen1: Petition all you like, if @FineGael continually cut PSO @IrishRail and under invest in public transport the travell‚Ä¶"
391,1,@drmmumbaicr @RailMinIndia @drmljn Please share coach position for 11016 khushinager ex0
392,1,"@RailMinIndia need water for drink,no water bottle available in train plz help...this passenger with her family     2601697248 S8 77"
393,1,"RT @KaliaAjit: Sir. I am travelling in coach D-2 seat no. 22,23 in 12498 Sorry to say that wastewater of washbasen is coming into‚Ä¶"
394,1," @RailMinIndia SirA couple traveling to SC by train 07092 with 2yr old kid Due to train delay,milk t‚Ä¶ https://t.co/KPcfVD4rkz"
395,1,@PiyushGoyalOffc @eastcoastrail @PiyushGoyal @RailMinIndia @drmadiwr @PiyushGoyal @IRCTC_Ltd ajmer exp Some people‚Ä¶ https://t.co/5diN9Trtk0
396,0,@rpfsrtpj @drmmadurai @RailMinIndia @rpfsrly Thanks a lot for your prompt respons. Much appreciated.
397,0,@RailMinIndia  sir trn me LED light kyu nai lgwaya aapne ??
398,0,@DRM_BVP @ARM_SRC @drmkgp @RailMinIndia @sdmebvp1 Cleaning staff is now cleaning coach's floor in regular intervals
399,0,@niraj1712 @SBKULAL @drmgtl @srdom_sc @phanipeddapall1 @drmsecunderabad @riyaj_ali @KantuleSanjay @drmned‚Ä¶ https://t.co/6u0NSeNxDv
400,0,Wow. Are you serious? @Swamy39 @narendramodi @AmitShah https://t.co/iehx1nRAS9
401,1, Train is with no pantry &amp;they were unable to find milk in ALD Could u please help Next stop is Satna‚Ä¶ https://t.co/IuU9c2arbi
402,0,"RT @stevensgreen1: Petition all you like, if @FineGael continually cut PSO @IrishRail and under invest in public transport the travell‚Ä¶"
403,1,@oggy_84 @drmmumbaicr @RailMinIndia B-2 is 18th coach from engine
404,1,@RailMinIndia @PiyushGoyal @RailwayNorthern My parents are travelling in 15231 pnr no. 6408164808 the coach S5 is n‚Ä¶ https://t.co/Ig9TPufytc
405,0,@vikaskh05172507 @Naren_Reddy23 @leomanojc @SayNoToHindi @mnsadhikrut @abpmajhatv @anilshidore @RailMinIndia‚Ä¶ https://t.co/tZ1SopOrL4
406,1,Please  help @RailMinIndia. WHY CAN'T WE BOOK TICKETS FOR TRAIN NUMBER 52145? @IRCTC_Ltd NOT RESPONDING to emails‚Ä¶ https://t.co/gLrBwj7mFA
407,1, User id: macrohit Date of booking : 28-11-17
408,1,@RailMinIndia @bbiswajit88 Kindly share Train no.
409,1,"@RailMinIndia @VivekVe76991318 @drmsee1 Noted sir, Matter fwd to @drmbsbner"
410,1,@abhineet_hit @RailMinIndia @PiyushGoyal @PMOIndia Matter advised to concerned official @SrdeechgAld for necessary action.
411,1,@RailMinIndia @DArpitBhargava @ed_eeg @drm_moradabad Matter has been forwarded to concerned official @SrdeegA   for N/\A
412,0,2 hours journey completed in 6 hrs excluding waiting time 3-5hrs.u should take responsibility mostly trains late 5t‚Ä¶ https://t.co/4nc4pmZO3u
413,1,@surykantverma07   Kindly share PNR number.
414,1,@RailMinIndia @RupSgsits @ed_eeg @drmsbc Matter notified to officials concerned @electrlbzascr
415,1,"Travelling in an extremely unclean compartment in Falaknuma 12703, no cleaning done on compartment B3.water logged‚Ä¶ https://t.co/JwALKcH36T"
416,0,@ankulaagarwal @drmbct @RailMinIndia @IR_EDMECHG @crsechgsrly @CCRBCT @srdmebct @drmbct please take N/A.
417,1,@RailMinIndia @Rajeshazra @drmlko25 @srdommb  kindly look into this
418,0,@amt10x @RailMinIndia @nerailwaygkp  https://t.co/mWqazSZhv9
419,0,Booked goods as luggage on 15 Nov from #Jalpaiguri from @RailMinIndia  to be sent to #Jammu.Goods still not despat‚Ä¶ https://t.co/xf2DO1uwvo
420,0," @SHIVAM_1234515 Sir, inconvenience regretted. Please lodge your FIR (if not lodged) with GRP and purs‚Ä¶ https://t.co/lSb34osAX0"
421,0,@drm_moradabad @DArpitBhargava @WesternRly @sureshpprabhu @PiyushGoyal @IndianRailMedia @RailMinIndia Matter has been already forward
422,0,@drmhyb @niraj1712 @SBKULAL @drmgtl @srdom_sc @phanipeddapall1 @drmsecunderabad @riyaj_ali @KantuleSanjay @drmned‚Ä¶ https://t.co/ikYQ8CYcY0
423,0,@drmljn @drmmumbaicr @RailMinIndia Thanks for your help
424,1,"RT @KaliaAjit: Sir. I am travelling in coach D-2 seat no. 22,23 in 12498 Sorry to say that wastewater of washbasen is coming into‚Ä¶"
425,1,@RailMinIndia why there is no announcement for 12431 which was schedule to reach at Panvel at 18:05 PM on 2/12/17. Please respond
426,0,@TVC138 @drmbct @RailMinIndia @IR_EDMECHG @crsechgsrly @CCRBCT @srdmebct What do you mean by N/A
427,0,RT @Venkati5: @SrDOMhyb @asb_ambati @jijjuu @drmhyb @FeaYogesh @UttamChakram @RailMinIndia @SCRailwayIndia @eswarkanchu‚Ä¶
428,1,RT @princebiet: 2 hours journey completed in 6 hrs excluding waiting time 3-5hrs.u should take responsibility mostly trains late 5t‚Ä¶
429,1,"@railminindia train number 13288 is delayed by about 3 hours, but NTES says its on time and has reached."
430,1,"@rahuljaincool @RailMinIndia @PiyushGoyal @IRCTC_Ltd Please share train no, and coach position."
431,0,@ViveckTewari Why dont you tag the concerned guy ! Like mr @RailMinIndia
432,0,@RailMinIndia @drmljn @ Thanks for support and quick action
433,0,Selling tea of Rs. 10 instead of Rs. 7 and water bottle is selling of local company of Rs 20. PNR 6208706148‚Ä¶ https://t.co/d5HlFMqftU
434,1,RailMinIndia @RailMinIndia @Central_Railway @PiyushGoyal No responce from Railway plz look into the matter
435,1,"@RailMinIndia PNR 8553246148 B 11/42, MOBILE NO: 7300113446....DRUNKARD PASSENGER SITTING BESIDE ME, HARASSING MY F‚Ä¶ https://t.co/gRwlmSyyby"
436,0,RT @Misandry_Kills: #SaturdayMotivation Punish d murderers of #Engineer #Husband who was thrown out of #Train by‚Ä¶
437,0,@RailMinIndia IRCTC #7367669
438,1,@RailMinIndia Plz. Help
439,0,@SumitSi25004636 Kindly share your PNR NO
440,0,RT @VisakhapatnamJn: @SrDOMhyb @jijjuu @drmhyb @FeaYogesh @UttamChakram @Venkati5 @RailMinIndia @SCRailwayIndia @asb_ambati @eswarkanchu‚Ä¶
441,0,HEREISTITLE https://t.co/840D5D8WJS
442,0,@RailMinIndia @PiyushGoyal sir what about the matter that i tweeted you... Still no progress in resuming train no 54212..
443,1,@RailMinIndia Sir i journey by train 12355 in S-7 coach water not available please filling water in S-7 PNR NO.6208277709
444,0,@RailMinIndia @YouTube All over India A.C. waiting room does not  charge premium  of 30 /hour in Chennai  Egmore.‚Ä¶ https://t.co/q2VrJ49af7
445,0,@Vaibhav70569723 @PiyushGoyalOffc @RailMinIndia Hold up at jaipur due to non acceptance from Agra division @SrDOM_Agra
446,0,RT @IndiaBTL: Why is @RailMinIndia procuring Congress mouthpiece National Herald (priced a hefty Rs. 20/piece) &amp; providing it to‚Ä¶
447,0,"@IRCTC_Ltd @RailMinIndia I'm on general ticket counter on NHH STSN and clerk says tkt will be given 30 min before train arrival,is it rule?"
448,0,@bk14564 @NitinSubudhi @RailMinIndia @PiyushGoyal They will not give reply..Doon caterer r habitual offenders n u w‚Ä¶ https://t.co/JijuBdQko2
449,0,@RailMinIndia @Siriusblack1213 @rpfncr Matter advised to concerned official @nr_ctg for necessary action.
450,0,@SirDebasis @Naren_Reddy23 @leomanojc @SayNoToHindi @mnsadhikrut @abpmajhatv @anilshidore @RailMinIndia‚Ä¶ https://t.co/xRQ11YkDfg
451,0,RT @rdwiv3: @IRCTC_Ltd @RailMinIndia I'm on general ticket counter on NHH STSN and clerk says tkt will be given 30 min before train arrival‚Ä¶
452,0,@drmncrald @abhineet_hit @RailMinIndia @PiyushGoyal @PMOIndia sorry for inconvenience.your complaint will attended at CNB/STN.
453,0,@RailMinIndia Sir also gv.  Tr. In this way .these tr. Pass. But not come in track .last 4 yrs. https://t.co/J4we7suzbr
454,0,@drmvijayawada @RailMinIndia @RupSgsits @ed_eeg @drmsbc Sir same intimated to ongole platform electrical staff for rectification thank u
455,0,RT @NDJonesAuthor: Never has love tasted so salty-sweet. Never has fate burned so hot. https://t.co/hVNE5S1jkm Pick up your .99 copy o‚Ä¶
456,0,RT @IndiaBTL: Why is @RailMinIndia procuring Congress mouthpiece National Herald (priced a hefty Rs. 20/piece) &amp; providing it to‚Ä¶
457,0,RailMinIndia Dear sir PNR NO.2337832847 train no.15622 from Chapra to New Bongaigaon still showing Waiting list i‚Ä¶ https://t.co/hSQNKp84Nm
458,0,@RailMinIndia @DRMbhopal @IR_ENHM Thanks. Cleaning staff did not come till 04:40 then our train arrived anDwe left.‚Ä¶ https://t.co/ziKLV0Mr0y
459,0,@RailMinIndia @Siriusblack1213 @drmncrald sir please shear your contact no.&amp; journey ditels
460,1,@drmadiwr @RailMinIndia @PiyushGoyal @IRCTC_Ltd Sir this is local coash and pls search my location on Google and ma‚Ä¶ https://t.co/U9aEfv3c13
461,0,RT @KARailway: Provide 1min stoppage for Karnataka Sampark Kranthi at #Haveri @DrmMys @GMSWR @RailMinIndia @PiyushGoyalOffc‚Ä¶
462,0,"Dark Pursuit, a #pnr #holiday story is on sale for #99cents! https://t.co/MFxZ7YCtIi https://t.co/QvS7EUtktI"
463,0,@drmadiwr PNR No -2720271036
464,0,It's important to remember the EU isn't only a progressive force - have a look at these EU data collection and shar‚Ä¶ https://t.co/iFuM2tyePs
465,0,@rpfwrbct @rpfwr1 @RailMinIndia @Deshbhakth1 @rpfchurchgate @rpfmumbcenlocal @rpfdadar2 @RPFAndheri @rpfborivali1‚Ä¶ https://t.co/OlzONbm5Bo
466,0,"RT @IndiaBTL: Glad to inform &amp; confirmed from multiple sources, the newspaper was not distributed by railways officially, but cou‚Ä¶"
467,1,@irctceastzone @RailMinIndia Nothing happened yet I didn't receive any call and I am about to reach my destination‚Ä¶ https://t.co/YYwYp6v1cm
468,1,@RailMinIndia PNR no 2816590786 &amp; 2815712288  one  S5 35 allotted  for two persons
469,0,"@RailMinIndia @mohitbansal660 @RpfNwr Sir, kindly share your contact number with journey details and specify place‚Ä¶ https://t.co/JVJMorksgY"
470,1,"@RailMinIndia train 13288 is delayed by 3 hours, but NTES is showing its on time and has reached."
471,0,"@SRDMERTM @RatlamDRM @RailMinIndia @IR_ENHM No one has attended at COR , now we are about to reach kota, now the co‚Ä¶ https://t.co/9Z5CTznuCd"
472,1,"@DRMbhopal @RailMinIndia @BhusavalDivn Train departed from itarsi but concerned is delay, what if I miss flight due‚Ä¶ https://t.co/UyQIYzIFcJ"
473,0,"@RailMinIndia @drmdelhi dear sir Kisan express 14519 regularly late arrived at Hisar, complaint  or tweeted so many‚Ä¶ https://t.co/DDcrzPRWq8"
474,0,@WesternRly @DRMBRCWR @drmbct @RailMinIndia @PiyushGoyalOffc @PiyushGoyal We want passanger train between bharuch t‚Ä¶ https://t.co/tEBXrWdYha
475,0,@vikaskh05172507 @Naren_Reddy23 @leomanojc @SayNoToHindi @mnsadhikrut @abpmajhatv @anilshidore @RailMinIndia‚Ä¶ https://t.co/bACOZnpAQi
476,0,"@IRCTC_Ltd @RailMinIndia @PiyushGoyalOffc  it's your habit to make crowd, dhkka mukki for tickets"
477,0,"RT @LisaCBooks: Dark Pursuit, a #pnr #holiday story is on sale for #99cents! https://t.co/MFxZ7YCtIi https://t.co/QvS7EUtktI"
478,0,RT @IndiaBTL: Why is @RailMinIndia procuring Congress mouthpiece National Herald (priced a hefty Rs. 20/piece) &amp; providing it to‚Ä¶
479,0,@RailMinIndia Announcement done !!!
480,1,@RailMinIndia AC is not working properly in A3 coach in train no 12295 currently it is near jabalpur
481,0,@RailMinIndia @Siriusblack1213 @drmncrald @rpfncrald  kindly look this matter into necessary action NCR-1536
482,0,@drm_apdj @RailMinIndia 12378 really shameful almost after 1 he train has departed from source and in 1st tweet tra‚Ä¶ https://t.co/lPUA5R1kqf
483,0,RT @IndiaBTL: Why is @RailMinIndia procuring Congress mouthpiece National Herald (priced a hefty Rs. 20/piece) &amp; providing it to‚Ä¶
484,0,RT @DOTrPH: READ: Construction of Manila-Clark Railway project to start soon. The contract for the construction supervision and‚Ä¶
485,0,"@RailMinIndia @Sivaram15064430 Inconvenience regretted, matter is being taken up for further necessary action"
486,0,"RT @stevensgreen1: Petition all you like, if @FineGael continually cut PSO @IrishRail and under invest in public transport the travell‚Ä¶"
487,0,@RailMinIndia @mohitbansal660 @NRRPF Comp No. 437 matter forwarded to @rpfnwrbkn look into this matter &amp;  kindly pr‚Ä¶ https://t.co/dN8IuA9Shf
488,0,"@Uttambanerjee10  Kindly share PNR number, issue forwarded to concerned officials @ed_eeg @Drmnfr_lmg @Drmvijayawada"
489,1, @EasternRailway The train 63142 has stopped due to engine breakdown since last 2hrs. Creating long ag‚Ä¶ https://t.co/o65KN5DOGs
490,0,https://t.co/f27P3FSDcJ @PMOIndia @narendramodi
491,0,@kiran_k28 @RailMinIndia matter forwarded to concerned @mechbpl
492,0,"RT @DOTrPH: ATM : Contract signing for construction of PNR Clark Phase 1 (Tutuban-Malolos) project bet. DOTr, NSTren Consortium https://t.c‚Ä¶"
493,0,@RailMinIndia @KaliaAjit @IR_ENHM Pls look into the matter @AmbalaCnW
494,0,@RailMinIndia pls see how the train at #Kerala delayed. 12696 TVC MAS SF (schde6.30 pm Kollam) arrived station at 6‚Ä¶ https://t.co/HOTOG8HuwO
495,0,RT @VisakhapatnamJn: @SrDOMhyb @jijjuu @drmhyb @FeaYogesh @UttamChakram @Venkati5 @RailMinIndia @SCRailwayIndia @asb_ambati @eswarkanchu‚Ä¶
496,0,@IRCTC_Ltd @RailMinIndia Check pics of railway failure https://t.co/trUCYQyBzM
497,0,@RailMinIndia @nerailwaygkp train no. 12492 is delayed by more than 2 hr in between of Burwal junction to Gonda junction.
498,0,"@RailMinIndia Sachkhand express (12715) late by 7+ hours. Just buying Japanese trains won't help, IR should learn f‚Ä¶ https://t.co/4x33yIQDxL"
499,0,RT @ErGKSWAMY1: @seevivekhere Ask them to join @airef_official  under the dynamic leadership of @AirefPr @airef1234 and fight for j‚Ä¶
500,1,@RailMinIndia An aged lady has been alloted upper berth in train no. 22911. PNR no. 8553362063. Kindly see if any modifications possible.
501,0,So this is what India railways looks like. Can't get any better !! @IRCTC_Ltd @IndianRailMedia @RailMinIndia‚Ä¶ https://t.co/BKKYAL68oY
502,0,"RT @IndiaBTL: Glad to inform &amp; confirmed from multiple sources, the newspaper was not distributed by railways officially, but cou‚Ä¶"
503,0,@RailMinIndia Cant justify This Station Approval? The distance is only 2 kms! this place is reserved 4 MentalHospit‚Ä¶ https://t.co/XNELV33iNo
504,0,@vikaskh05172507 @SirDebasis @Naren_Reddy23 @SayNoToHindi @mnsadhikrut @abpmajhatv @anilshidore @RailMinIndia‚Ä¶ https://t.co/s4vTuMhTIo
505,1,@drmsbc @RailMinIndia @srdensbc sir what is the update who has reviewed as  I do not see any action taken pl visit n take action
506,1,@RailMinIndia no one responding on phone call at enquiry in jamalpur station. Please consider my complaint because‚Ä¶ https://t.co/PZGqiiUpil
507,1,@DRMbhopal An aged lady has been alloted upper berth in 22911. PNR no. 8553362063. Kindly see if any modifications possible.
508,1,@RailMinIndia @RailwayNorthern @ECRlyHJP plz help me coach position of train no 19321 of coach A1 at Jaunpur Jn .
509,0,@RailMinIndia Everyday magadh exp 12401 running late 3to 5 hrs without any reson.  Is anyome have responsibility. P‚Ä¶ https://t.co/UzZYQoVuCh
510,0,@drmumb @RailMinIndia @KaliaAjit @IR_ENHM Sir message given to SSE/UMB and matter forwarded to @SrDmeChg_Dli @DelhiCcc
511,0,@drmadiwr @RailMinIndia @PiyushGoyal @IRCTC_Ltd Train last 2-3 coach
512,1," PNR-2337792679 Trn:12802 Dt:02-12-2017 Frm MGS to CTC Cls:3A P1-B1,54 Sir I lost my shoes.may be some one stolen"
513,0,14316 TTE comes only after hapur stn when majority of ticketless passengers have deboarded. It's useless to buy tic‚Ä¶ https://t.co/aNSeZwgOwT
514,0,@RailMinIndia @khushalvakharia That‚Äôs poor railways.poor very poor.
515,1,@DRMbhopal @RailMinIndia @BhusavalDivn Could u all confirm at what time train will be reaching mumbai? @PiyushGoyal‚Ä¶ https://t.co/Ko6SMCV4My
516,0,"@IRCTC_Ltd @RailMinIndia @PiyushGoyalOffc If your clerk can give tickets than why he is not giving, why u advertisi‚Ä¶ https://t.co/teieqXvILl"
517,0,@SirDebasis @Naren_Reddy23 @leomanojc @SayNoToHindi @mnsadhikrut @abpmajhatv @anilshidore @RailMinIndia‚Ä¶ https://t.co/Rupv5ynCuH
518,0,"@sanjaygupta2012 @DRMbhopal @RailMinIndia sorry for inconvenience,matter noted to @OPTGBSL"
519,0,@RailMinIndia @khushalvakharia Poor service by railways.
520,0,"@RailMinIndia @sanjaygupta2012 Train handled over late by more than 6 hours from previous division, @drmjabalpur @drmncrald  kindly update."
521,0,@RailMinIndia @pavansonidegana Inconvenience caused is regretted. This facility is provided on platform number one‚Ä¶ https://t.co/JUeRotn6C0
522,0,"@bbiswajit88 @RailMinIndia Sorry,  the tweet received from @RailMinIndia doesn't contain your complaint."
523,0,@RailMinIndia  update:- today intercity 12930 late 16 min?
524,0,@PiyushGoyal @nerailwaygkp @gmner_gkp @RailMinIndia @AshwaniLohani @mourya_369 @PMOIndia @CVCIndia @PiyushGoyalOffc‚Ä¶ https://t.co/CTT9s3MAk3
525,0,@SirDebasis @vikaskh05172507 @Naren_Reddy23 @SayNoToHindi @mnsadhikrut @abpmajhatv @anilshidore @RailMinIndia‚Ä¶ https://t.co/cImqnkJTwC
526,0,@RailMinIndia @irctceastzone 6506401270
527,0,@RailMinIndia @DRMBRCWR Maximum train stoppage in bharuch.. We want also stoppage of more train in evening time.. A‚Ä¶ https://t.co/p5Ispx8g3R
528,0,RT @IndiaBTL: Why is @RailMinIndia procuring Congress mouthpiece National Herald (priced a hefty Rs. 20/piece) &amp; providing it to‚Ä¶
529,0,"RT @RailMinIndia: All commodities have registered robust growth with steel at 16%, cement 10%, containers 13%, iron ore 5% and coal 2‚Ä¶"
530,0,@rpfcrsur @RailMinIndia how many months or should i say years should i wait for the Conscience of #CORRUPT #ROTTEN‚Ä¶ https://t.co/2h0v7KWzgy
531,0,"@IRCTC_Ltd @RailMinIndia @PiyushGoyalOffc Ppls r in queue for tickets without any time limit, because your trains getting late and late"
532,0,@SirDebasis @SayNoToHindi @mnsadhikrut @abpmajhatv @anilshidore @RailMinIndia @Central_Railway Pure bullshit..
533,0,"@sanjaygupta2012 @DRMbhopal @RailMinIndia @PiyushGoyal sorry for inconvenience ,matter noted @IRCTC_Ltd"
534,0,RT @sureshpprabhu: https://t.co/06uwLS5m7J
535,0,RT @sureshpprabhu: Holistic strategy to ensure growth https://t.co/YpOs5ZShmF
536,0,This is what #Swachbharat looks like https://t.co/npKnxGqOyP
537,0,@RailMinIndia PNR NO. 6107451949
538,1,@RailMinIndia @Sivaram15064430 @irctcwestzone Sir I want some action not just tweet for fomalty o want improve my r‚Ä¶ https://t.co/f3JprtwXze
539,0,RT @sureshpprabhu: Holistic strategy to ensure growth https://t.co/YpOs5ZShmF
540,0,#amreading #urbanfantasy #uf #ufart #urbanfantasyart #magic #booksaremagic #amreading #pnr #paranormalromance‚Ä¶ https://t.co/0PLQ8FCV7a
541,0,@vikaskh05172507 @SirDebasis @Naren_Reddy23 @SayNoToHindi @mnsadhikrut @abpmajhatv @anilshidore @RailMinIndia‚Ä¶ https://t.co/SH1DzBApOg
542,0,@RailMinIndia @BannaDipaksa SSE Telecom at MSH will be send tomorrow  dt 03/12/2017.
543,0,RT @MaheshLPatil4: @ACMBCT2 @savehitesh @drmbct @DVPravasi @RailMinIndia @WesternRly @PiyushGoyal @PMOIndia @narendramodi @srdombct De‚Ä¶ 
544,0,@pisecianpisces @rpfbharuch @rpfwrbrc @RailMinIndia @DRMBRCWR @rpfankaleshwar Kindly look into this matter @rpfwrbrc
545,0,"RT @Mandarmodak: Noise pollution does not mean 'Only Loud Sound' Continuous, unnecessary, effectless announcements &amp; undesired irri‚Ä¶ "
546,0,#Win $50 Amazon #BookTour #Giveaway #BookBoost #Paranormal #Romance #Wolf #Shifter #PNR #EmiliaHartley https://t.co/mCGb3SdXGn
547,0,@RailMinIndia when train number 22481 is coming at 8.50 am so why train number 22482 is late by 2.15 hours https://t.co/y17VHb8J4A
548,0,@RailMinIndia @DevKuma35104438 @IR_ENHM Kindly share your correct PNR for further action.
549,0,@arpiturfrnd      Kindly share PNR number for further action.   @Drmdelhi @IR_ENHM
550,1,@RailMinIndia We r travelling in train no. 22634 from delhi to UDUPi.....There is no liquid shop available in the train...In ha 1 coach....
551,0,"RT @KonkanRailway: ""Alert Rly Man is the best safety device"
552,0,@DrmChennai @RailMinIndia In Bangalore  no charges  . Any circulars  from Railway  ministry. Attach
553,0,Pantry manager has promised to look into the matter. Hope this never continues. Thanks for the help. https://t.co/juH2XstguW
554,0,RT @RailMinIndia: Ministry of Railways¬†launched¬†1ST¬†Swarna Rajdhani ( Train no 12314 New Delhi- Sealdah Rajdhani) rake today.A Major‚Ä¶ 
555,0,@Parsikpravasi @BeyondThane @RailMinIndia @rajtoday @Akkibhatkar @Shrikant2025 @ThaneMt @thane_now @MumbraKiAwaam‚Ä¶ https://t.co/HPBRxagjsr
556,0,RT @IndiaBTL: Why is @RailMinIndia procuring Congress mouthpiece National Herald (priced a hefty Rs. 20/piece) &amp; providing it to‚Ä¶ 
557,0,@Maths_Expert @ankulaagarwal @drmbct @RailMinIndia @IR_EDMECHG @crsechgsrly @CCRBCT @srdmebct YES
558,0,@mistuni  Kindly share PNR number. Matter forwarded to the concerned officials @Drmwat_ecor @IR_ENHM @IR_EDMECHG @crseecor17
559,0,"@RailMinIndia @SCRailwayIndia Sir, Sri Mohd. JAMSHED MT, @AshwaniLohani Sri P.GUHA PRINCIPAL ED(Coachg) üôè KINDLY RE‚Ä¶ https://t.co/MMlMoPJsmA"
560,1,"@AirAsiaSupport I am scheduled to fly to CCU from KL tomorrow (PNR WERKXB), got an email saying my flight has been‚Ä¶ https://t.co/tx0F2YEthX"
561,0,RT @BPShourya: It's true and strict action should be taken against ppl doing so. Few months back @RailMinIndia had issued rate lis‚Ä¶ 
562,0,RT @mmalavec: #Win $50 Amazon #BookTour #Giveaway #BookBoost #Paranormal #Romance #Wolf #Shifter #PNR #EmiliaHartley https://t.co/mCGb3SdXGn
563,0,@RailMinIndia Sir this one is the detail...... https://t.co/AQJ6C3qg9g
564,0,"@IRCTC_Ltd @RailMinIndia @PiyushGoyal if my ticket remains RAC even after chart is prepared, then isn't logically w‚Ä¶ https://t.co/k2pui7f6wl"
565,0,RT @TheRealDharmu: @razzaqlucky @MDARIFAZIZ1 @rafeliberty @PiyushGoyal @SCRailwayIndia @drmned @RailMinIndia Is any action taken or ju‚Ä¶ 
566,0,"#IncredibleIndia In Journey tym of 12 hrs, trn is running late by almost same tym. Leads to frustration whn v don't‚Ä¶ https://t.co/D8fQiwy8IG"
567,0,RT @IAmKalpeshBohra: @rpfwrbct @rpfwr1 @kalpeshcynic @RPFMumbaiCntrl @RailMinIndia @MCGM_BMC @GM_CRly @Gmwrly @drmbct @drmmumbaicr‚Ä¶ 
568,0,"RT @eswarkanchu: @RailMinIndia @SCRailwayIndia Sir, Sri Mohd. JAMSHED MT, @AshwaniLohani Sri P.GUHA PRINCIPAL ED(Coachg) üôè KINDLY RE‚Ä¶ "
569,0,RT @IndiaBTL: Why is @RailMinIndia procuring Congress mouthpiece National Herald (priced a hefty Rs. 20/piece) &amp; providing it to‚Ä¶ 
570,0,@beatablitz Awesome... posted your tweet up here https://t.co/tkAGqzTxzu
571,0,@RailMinIndia @mistuni @IR_ENHM @IR_EDMECHG @crseecor17 Officials concerned communicated about the issue @srdmewat
572,0,Mischief Bundle - #KindleCountdown Sale $1.993 Story Bundle - F/F+ &amp; M/F PNR Erotica  #Erotica #Booklovers #LPRTG‚Ä¶ https://t.co/wghZsGZszU
573,0,"@vivek05102229  Kindly share PNR &amp; contact number, issue referred to concerned official @Drmjabalpur for urgent medical assistance."
574,0,RT @IndiaBTL: Why is @RailMinIndia procuring Congress mouthpiece National Herald (priced a hefty Rs. 20/piece) &amp; providing it to‚Ä¶ 
575,0,@drmdelhi @RailMinIndia @srdomchgdli No reply..
576,0,@DrmChennai @RailMinIndia It is not applicable in other xonal Railway
577,0,@atulyendepatil @TajinderBagga https://t.co/e69QtW6PvK
578,0,@abhi795 Kindly share PNR for better assistance. Kindly look into it @IRCATERING @DrmKota @ed_eeg @Drmbct
579,1,You let me in trouble @RailMinIndia my train got cancelled without any information...my journey is stuck in between‚Ä¶ https://t.co/PCHxmHOmsf
580,0,RT @IndiaBTL: Why is @RailMinIndia procuring Congress mouthpiece National Herald (priced a hefty Rs. 20/piece) &amp; providing it to‚Ä¶ 
581,0,@SrDmeChg_Dli @drmdelhi @RailMinIndia @drkumarsambhav @IR_ENHM kindly share your PNR NO.
582,0,@RailMinIndia @vivek05102229 Kindly share PNR number &amp; contact number.
583,1,@RailMinIndia I have a booking in Train Number 07006 RXL-HYB special from Gaya but when I want to see the current s‚Ä¶ https://t.co/iI4vB2JJ8S
584,0,"@drmdelhi @RailMinIndia @IR_EDMECHG @CRSE_CHG_NR @SrDMEdelhi The changed, passenger centric face of Railways is vis‚Ä¶ https://t.co/zf1mcUloA3"
585,0,@manojsinhabjp https://t.co/7qbVSFwgdF
586,0,@RailMinIndia @RahmanAnsariBOI @drmlko25 Kindly look into this
587,0,@Arunkum01848073 @ccmsrly @SalemDRM @TNRA_RailNews @vanandca @pgt122123 @propgt14 @sivamohan1917 @drmmadurai‚Ä¶ https://t.co/U44jE0TeKK
588,0,@RailMinIndia @at_agentofchaos @IR_ENHM Matter notified to the concerned officials @LTTOBHS1 @srdmecmumbaicr
589,0,RT @RailMinIndia: @anshumantiwar10  Please share your PNR no.
